address,dock_bikes,geometry
"Avenida del Ensanche de Vallecas, 9,",7,"{'type': 'Point', 'coordinates': [-3.61253028, 40.37043968]}"
"Paseo de la Chopera,33,Comunidad de Madrid España",20,"{'type': 'Point', 'coordinates': [-3.7003996647238746, 40.39500000000003]}"
"Paseo de la Castellana nº 122,",10,"{'type': 'Point', 'coordinates': [-3.6908, 40.4491]}"
"Paseo de la Castellana nº 164,Comunidad de Madrid España",2,"{'type': 'Point', 'coordinates': [-3.6894151, 40.4591366]}"
"Guetaria , 84b,",17,"{'type': 'Point', 'coordinates': [-3.71569102, 40.36916772]}"
"Calle de Gloria Fuertes, 181,",15,"{'type': 'Point', 'coordinates': [-3.7249527, 40.4956969]}"
"Calle del Pinzon, 1A,",7,"{'type': 'Point', 'coordinates': [-3.7405438, 40.39229225]}"
"Av Abrantes, 55,",18,"{'type': 'Point', 'coordinates': [-3.72783615, 40.38091762]}"
"Calle de Mota del Cuervo, 70,",4,"{'type': 'Point', 'coordinates': [-3.63135715, 40.4648762]}"
"Calle Seseña, 93,",1,"{'type': 'Point', 'coordinates': [-3.76815631, 40.39497294]}"
"Calle Cardaño, 10,",7,"{'type': 'Point', 'coordinates': [-3.77057541, 40.39659757]}"
"Calle Troya, 11,",10,"{'type': 'Point', 'coordinates': [-3.61191521, 40.43699597]}"
"Calle Eugenia de Montijo, 83,",0,"{'type': 'Point', 'coordinates': [-3.7509733, 40.37562288]}"
"Calle Antonia Rodriguez Sacristan, 4,",3,"{'type': 'Point', 'coordinates': [-3.74765739, 40.37313777]}"
"Calle Caleruega, 18,",3,"{'type': 'Point', 'coordinates': [-3.670588, 40.478746]}"
"Calle Islas Cies, 27,",17,"{'type': 'Point', 'coordinates': [-3.71869067, 40.48027409]}"
"Calle Pedro Rico, 49,",21,"{'type': 'Point', 'coordinates': [-3.703918, 40.48194]}"
"Avenida de Betanzos, 68,",6,"{'type': 'Point', 'coordinates': [-3.7132206, 40.48178815]}"
"Calle Ramon Gomez de la Serna, 37,",22,"{'type': 'Point', 'coordinates': [-3.72382554, 40.48432751]}"
"Calle de Dulce Chacon, sn,",7,"{'type': 'Point', 'coordinates': [-3.6636484, 40.4845596]}"
"Calle Oliva de Plasencia, 1,",0,"{'type': 'Point', 'coordinates': [-3.77915183, 40.37850071]}"
"Calle Valmojado, 295,",5,"{'type': 'Point', 'coordinates': [-3.76048923, 40.38614104]}"
"Calle Guareña, 13,",4,"{'type': 'Point', 'coordinates': [-3.76466897, 40.38486816]}"
"Avenida de las Aguilas , 110,",11,"{'type': 'Point', 'coordinates': [-3.78061952, 40.38132642]}"
"Calle de la Foresta, 21,",1,"{'type': 'Point', 'coordinates': [-3.66777681, 40.49853277]}"
"Calle de José Gutiérrez Maroto, 33,",16,"{'type': 'Point', 'coordinates': [-3.60503564, 40.36334587]}"
"Calle La Cabrera, sn,",17,"{'type': 'Point', 'coordinates': [-3.71920443, 40.47223267]}"
"Calle Fuente de Lima, 10,",4,"{'type': 'Point', 'coordinates': [-3.78339301, 40.38358975]}"
"Calle Ocaña, 103,",14,"{'type': 'Point', 'coordinates': [-3.75292035, 40.38586273]}"
"Paseo de Juan XXIII, 24,",7,"{'type': 'Point', 'coordinates': [-3.7169359, 40.448084]}"
"Avenida de Valladolid, 47G, 47,",14,"{'type': 'Point', 'coordinates': [-3.73068, 40.42966]}"
"Calle de Caroli, 1,",6,"{'type': 'Point', 'coordinates': [-3.784627, 40.45862]}"
"Calle Antonio Machado, sn,,",14,"{'type': 'Point', 'coordinates': [-3.71995383, 40.46439687]}"
"Calle Antonio Machado, 30,",3,"{'type': 'Point', 'coordinates': [-3.71921712, 40.46826955]}"
"Calle Fuente del Tiro, 27,",3,"{'type': 'Point', 'coordinates': [-3.7798001, 40.38308791]}"
"Paseo Virgen del Puerto, 25,",0,"{'type': 'Point', 'coordinates': [-3.72100859, 40.41161087]}"
"Calle del Pico Chilegua, 3,",19,"{'type': 'Point', 'coordinates': [-3.61869106, 40.37286701]}"
"Calle Camino de las Hormigueras, 161,",16,"{'type': 'Point', 'coordinates': [-3.6370762, 40.3762555]}"
"Clara del Rey, 6,",15,"{'type': 'Point', 'coordinates': [-3.672339, 40.440944]}"
"Avenida del Camino de Santiago, 4,",1,"{'type': 'Point', 'coordinates': [-3.66955215, 40.50910428]}"
"Calle de Jose de Cadalso, 62,",0,"{'type': 'Point', 'coordinates': [-3.77024778, 40.37959145]}"
"Calle Enrique Garcia Alvarez, 5,",23,"{'type': 'Point', 'coordinates': [-3.6140607, 40.3804482]}"
"Calle de La Granja de San Ildefonso, 14,",19,"{'type': 'Point', 'coordinates': [-3.62283116, 40.36813427]}"
"Avenida de Las Suertes, 13,",17,"{'type': 'Point', 'coordinates': [-3.6078539, 40.3713613]}"
Calle Serrano nº 34,0,"{'type': 'Point', 'coordinates': [-3.6877227, 40.4251002]}"
"Puerta del Sol nº 1,",0,"{'type': 'Point', 'coordinates': [-3.70179, 40.41715]}"
"Calle Fuencarral nº 108,",3,"{'type': 'Point', 'coordinates': [-3.7022669, 40.4284457]}"
"Calle Hortaleza nº 75,",2,"{'type': 'Point', 'coordinates': [-3.6977715, 40.4251906]}"
"Calle Marqués de la Ensenada nº 16,",3,"{'type': 'Point', 'coordinates': [-3.691769, 40.4250963]}"
"Calle San Andrés nº 18,",5,"{'type': 'Point', 'coordinates': [-3.7036, 40.427]}"
"Calle San Bernardo nº 85,",13,"{'type': 'Point', 'coordinates': [-3.7061406, 40.4284667]}"
"Calle Conde Duque nº 22,",12,"{'type': 'Point', 'coordinates': [-3.7105, 40.4273]}"
"Ventura Rodriguez, 2,",7,"{'type': 'Point', 'coordinates': [-3.7133069, 40.4260425]}"
"Plaza de Pedro Zerolo nº 1,",1,"{'type': 'Point', 'coordinates': [-3.6996776, 40.4209251]}"
"Calle Alcalá nº 49,",9,"{'type': 'Point', 'coordinates': [-3.6952465, 40.4188076]}"
"Plaza de Santo Domingo nº 1,",16,"{'type': 'Point', 'coordinates': [-3.708249, 40.4202595]}"
"Plaza de las Salesas 7,",6,"{'type': 'Point', 'coordinates': [-3.6945, 40.4239]}"
"Calle Jesús nº 1,",5,"{'type': 'Point', 'coordinates': [-3.6957, 40.4133]}"
"Calle del Marqués de Cubas nº 25,",4,"{'type': 'Point', 'coordinates': [-3.6957434, 40.4163838]}"
"Calle Carretas nº 8,",11,"{'type': 'Point', 'coordinates': [-3.7033305, 40.4165873]}"
"Plaza de Ramales,",17,"{'type': 'Point', 'coordinates': [-3.71183, 40.4168]}"
"Carrera de San Francisco nº 1,",2,"{'type': 'Point', 'coordinates': [-3.7115898, 40.4113586]}"
"Plaza del Conde de Romanones nº 9,",11,"{'type': 'Point', 'coordinates': [-3.7047949666162405, 40.413778406369765]}"
"Calle Santa Isabel 32,",9,"{'type': 'Point', 'coordinates': [-3.6982922, 40.4108488]}"
"Glorieta de la Puerta de Toledo nº 1,",6,"{'type': 'Point', 'coordinates': [-3.7111034, 40.4068659]}"
"Calle Ribera de Curtidores nº 28,",10,"{'type': 'Point', 'coordinates': [-3.7071259, 40.4053153]}"
"Ronda de Atocha nº 34,",7,"{'type': 'Point', 'coordinates': [-3.6992774, 40.4060533]}"
"Ronda de Atocha nº 2,",5,"{'type': 'Point', 'coordinates': [-3.6935205, 40.4075606]}"
"Calle Barceló nº 7,",6,"{'type': 'Point', 'coordinates': [-3.700392997553259, 40.426599101766264]}"
"Plaza del Carmen nº 1,",3,"{'type': 'Point', 'coordinates': [-3.7032414, 40.4184192]}"
"Calle Augusto Figueroa nº 33,",13,"{'type': 'Point', 'coordinates': [-3.6978583, 40.4222783]}"
"Calle O'Donnell nº 28,",5,"{'type': 'Point', 'coordinates': [-3.6753139, 40.4214551]}"
"Calle Ibiza nº 62,",6,"{'type': 'Point', 'coordinates': [-3.6708959, 40.4179237]}"
"Calle Antonio Maura nº 15,",9,"{'type': 'Point', 'coordinates': [-3.689424797942769, 40.4167014469994]}"
"Calle Almadén nº 28,",4,"{'type': 'Point', 'coordinates': [-3.693225, 40.4108472]}"
"Calle Espalter nº 1,",13,"{'type': 'Point', 'coordinates': [-3.6913232, 40.4127692]}"
"Avenida de Alfonso XII nº 54,",7,"{'type': 'Point', 'coordinates': [-3.688822, 40.409808]}"
"Avenida de Menéndez Pelayo nº 63,",10,"{'type': 'Point', 'coordinates': [-3.677872542327878, 40.415382385574716]}"
"Calle Doce de Octubre nº 28,",8,"{'type': 'Point', 'coordinates': [-3.6739, 40.4161]}"
"Calle Doctor Esquerdo nº 99,",5,"{'type': 'Point', 'coordinates': [-3.6696, 40.4159]}"
"Avenida de Nazaret nº 7,",7,"{'type': 'Point', 'coordinates': [-3.6687, 40.4115]}"
"Avenida de Menéndez Pelayo nº 69,",10,"{'type': 'Point', 'coordinates': [-3.676588763788984, 40.41206290978386]}"
"Avenida de Menéndez Pelayo con calle Poeta Esteban Villegas,",20,"{'type': 'Point', 'coordinates': [-3.6784749, 40.4082717]}"
"Calle Pío Baroja nº 10,",4,"{'type': 'Point', 'coordinates': [-3.6744795, 40.4132995]}"
"Calle Doctor Esquerdo nº 191,",21,"{'type': 'Point', 'coordinates': [-3.672481575393678, 40.40357156992851]}"
"Avenida de Menéndez Pelayo, 9,",13,"{'type': 'Point', 'coordinates': [-3.679891, 40.4213143]}"
"Calle Ayala nº 44,",3,"{'type': 'Point', 'coordinates': [-3.6832566, 40.427736]}"
"Calle Velázquez nº 75,",1,"{'type': 'Point', 'coordinates': [-3.6838303, 40.4313576]}"
"Calle Ayala nº 102,",2,"{'type': 'Point', 'coordinates': [-3.6752024, 40.4272582]}"
"Calle Goya nº 18,",2,"{'type': 'Point', 'coordinates': [-3.6838416, 40.4251493]}"
"Calle Hermosilla nº 70,",4,"{'type': 'Point', 'coordinates': [-3.6786285, 40.426049]}"
"Calle Claudio Coello nº 45,",2,"{'type': 'Point', 'coordinates': [-3.6865463, 40.4262945]}"
"Calle Claudio Coello nº 19,",1,"{'type': 'Point', 'coordinates': [-3.6869293, 40.4225428]}"
"Calle Alcalá nº 111,",1,"{'type': 'Point', 'coordinates': [-3.682204798770403, 40.42201515498424]}"
"Avenida de Menéndez Pelayo nº 3,",8,"{'type': 'Point', 'coordinates': [-3.6802556, 40.4225364]}"
"Plaza de Felipe II,",3,"{'type': 'Point', 'coordinates': [-3.6757676, 40.4241325]}"
"Calle Jorge Juan nº 131,",2,"{'type': 'Point', 'coordinates': [-3.6696804, 40.4230771]}"
"Calle Alcalá nº 95,",1,"{'type': 'Point', 'coordinates': [-3.6842317, 40.4211845]}"
"Calle José Ortega y Gasset nº 4,",1,"{'type': 'Point', 'coordinates': [-3.686744, 40.43053]}"
"Paseo de Federico Garcia Lorca, 4,",4,"{'type': 'Point', 'coordinates': [-3.62144691, 40.3795035]}"
"Calle Seis, sn,",20,"{'type': 'Point', 'coordinates': [-3.59650295, 40.44845033]}"
"Calle Rosario Pino,",1,"{'type': 'Point', 'coordinates': [-3.69193246, 40.46204955]}"
"Calle Capitan Blanco Argibay,",4,"{'type': 'Point', 'coordinates': [-3.7031882, 40.4667435]}"
"Calle Muller,",0,"{'type': 'Point', 'coordinates': [-3.69837565, 40.46518187]}"
"Gran Avenida, 27,",21,"{'type': 'Point', 'coordinates': [-3.70760649, 40.36997711]}"
"Periana, 24,",19,"{'type': 'Point', 'coordinates': [-3.68765805, 40.36672327]}"
"Calle de Moreja, 30,",19,"{'type': 'Point', 'coordinates': [-3.69838038, 40.36809336]}"
"Calle de Bohemios, 1,",23,"{'type': 'Point', 'coordinates': [-3.693901, 40.356536]}"
"Calle de Torremolinos, 2,",8,"{'type': 'Point', 'coordinates': [-3.64178999, 40.38500948]}"
"Calle Esteban Collantes 63,",5,"{'type': 'Point', 'coordinates': [-3.637663, 40.432883]}"
"Calle de Velacho Alto, 2,",7,"{'type': 'Point', 'coordinates': [-3.65926884, 40.47250314]}"
"Plaza del Liceo,",4,"{'type': 'Point', 'coordinates': [-3.64441924, 40.45754368]}"
"Puerto del Canfranc, 18,",16,"{'type': 'Point', 'coordinates': [-3.6634, 40.3969]}"
"Calle de Carlos Martin Alvarez, 38,",17,"{'type': 'Point', 'coordinates': [-3.6635, 40.3895]}"
"Calle Teresa López Valcárcel esq. Teniente Coronel Noreña,",18,"{'type': 'Point', 'coordinates': [-3.69328771, 40.38862908]}"
"Arturo Soria, 312,",2,"{'type': 'Point', 'coordinates': [-3.6684167, 40.47636724]}"
"Calle de Villalobos, 28,",22,"{'type': 'Point', 'coordinates': [-3.65076037, 40.38161669]}"
"Calle Charleroi,",2,"{'type': 'Point', 'coordinates': [-3.63219372, 40.38191654]}"
"Calle Albarracin, sn,",1,"{'type': 'Point', 'coordinates': [-3.63251641, 40.43397327]}"
"Calle Castillo de Ucles, 37,",10,"{'type': 'Point', 'coordinates': [-3.62306578, 40.43145558]}"
"Calle San Claudio, 154,",14,"{'type': 'Point', 'coordinates': [-3.63953994, 40.38902883]}"
"Calle Alcala  (acera de tránsito peatonal),",0,"{'type': 'Point', 'coordinates': [-3.60960104, 40.44910362]}"
"Paseo de la Dirección, frente 297,",10,"{'type': 'Point', 'coordinates': [-3.703955, 40.4702445774]}"
"Calle Casalarreina,",4,"{'type': 'Point', 'coordinates': [-3.6123187980524585, 40.40939089860396]}"
"Avenida de Daroca 321,",5,"{'type': 'Point', 'coordinates': [-3.61283416, 40.40634029]}"
"Paseo de los Gigantes y Cabezudos, 4,",7,"{'type': 'Point', 'coordinates': [-3.69399661, 40.36064659]}"
"Calle San Restituto, 74,",4,"{'type': 'Point', 'coordinates': [-3.71693008, 40.46588016]}"
"Paseo de la Dirección, 161,",1,"{'type': 'Point', 'coordinates': [-3.7080850848120273, 40.46778929738312]}"
"Avenida El Ferrol, 18,",0,"{'type': 'Point', 'coordinates': [-3.70510525, 40.47431313]}"
"577 - Calle Monforte de Lemos, 103,",1,"{'type': 'Point', 'coordinates': [-3.70566914, 40.47899993]}"
"Calle Ofelia Nieto, 75,",3,"{'type': 'Point', 'coordinates': [-3.708734, 40.462051]}"
"Calle de María Auxiladora 1,",0,"{'type': 'Point', 'coordinates': [-3.71346147, 40.45772941]}"
"Avenida de Guadalajara, 101,",0,"{'type': 'Point', 'coordinates': [-3.61346199, 40.42218968]}"
"Calle Aquitania, 31,",0,"{'type': 'Point', 'coordinates': [-3.61726728, 40.41912347]}"
"Calle de los Aparejadores, 24,",9,"{'type': 'Point', 'coordinates': [-3.61537023, 40.42667885]}"
"Avenida de Niza, 9,",7,"{'type': 'Point', 'coordinates': [-3.60645414, 40.4271211]}"
"Calle Maria Sevilla Diago, 3,",21,"{'type': 'Point', 'coordinates': [-3.61095077, 40.43283006]}"
"Avenida de Hellin, 13,",23,"{'type': 'Point', 'coordinates': [-3.61579967, 40.43091667]}"
"Calle de El Toboso, 115,",13,"{'type': 'Point', 'coordinates': [-3.7363397, 40.3929901]}"
"Avenida Nuestra Señora de Fatima, 34,",0,"{'type': 'Point', 'coordinates': [-3.7470882, 40.3840155]}"
"Avenida de Abrantes, 108,",8,"{'type': 'Point', 'coordinates': [-3.73266666, 40.37734672]}"
"Avenida de Santa Eugenia, 9,",1,"{'type': 'Point', 'coordinates': [-3.60948153, 40.38600753]}"
"Avenida del Mediterraneo, sn,",9,"{'type': 'Point', 'coordinates': [-3.60463, 40.38305936]}"
"Calle Fuentespina, 33,",9,"{'type': 'Point', 'coordinates': [-3.60724755, 40.37941487]}"
"Calle Hilario Herránz Establos , 36,",17,"{'type': 'Point', 'coordinates': [-3.726638, 40.372839]}"
"Calle Rioja, 11,",0,"{'type': 'Point', 'coordinates': [-3.58815143, 40.45746674]}"
"Francisco Suarez, 28,",0,"{'type': 'Point', 'coordinates': [-3.67994416, 40.46437817]}"
"Calle de los Emigrantes, 15,",18,"{'type': 'Point', 'coordinates': [-3.63788349, 40.4685745]}"
"Calle de Santa Virgilia, 6,",3,"{'type': 'Point', 'coordinates': [-3.6447007, 40.4768447]}"
"Avenida Barranquilla, 17,",1,"{'type': 'Point', 'coordinates': [-3.6395164, 40.47490194]}"
"Avenida de San Luis, 23,",1,"{'type': 'Point', 'coordinates': [-3.65511455, 40.47148748]}"
"Calle Serrano nº 32,",1,"{'type': 'Point', 'coordinates': [-3.687807, 40.424924]}"
"Calle de Angel Mugica, 3,",6,"{'type': 'Point', 'coordinates': [-3.68529048, 40.48468297]}"
"Avenida Monasterio de Silos, 63A,",3,"{'type': 'Point', 'coordinates': [-3.69603345, 40.50501029]}"
"Calle Molins de Rey, 8,",6,"{'type': 'Point', 'coordinates': [-3.69374813, 40.4954662]}"
"Calle Caldas de Estrach, 14,",0,"{'type': 'Point', 'coordinates': [-3.6974725, 40.4963916]}"
"Calle de Mesena, 102,",10,"{'type': 'Point', 'coordinates': [-3.66340634, 40.46772408]}"
"Calle Delicias, 45,",10,"{'type': 'Point', 'coordinates': [-3.69091831, 40.40381914]}"
"Calle Costa Brava, 16,",3,"{'type': 'Point', 'coordinates': [-3.70865744, 40.49892399]}"
"Av. del Campo de Calatrava, 17,",2,"{'type': 'Point', 'coordinates': [-3.69112254, 40.50052161]}"
"Avenida Monasterio de Silos, 37,",1,"{'type': 'Point', 'coordinates': [-3.70290315, 40.50340494]}"
"Calle de Ramon Power, 8,",11,"{'type': 'Point', 'coordinates': [-3.634999, 40.463575]}"
"Calle Cebreros, 97,",9,"{'type': 'Point', 'coordinates': [-3.752080099999999, 40.4029976]}"
"Calle Alhambra, 58,",0,"{'type': 'Point', 'coordinates': [-3.74445208, 40.3988162]}"
"Calle de la Duquesa de Parcent, 14,",6,"{'type': 'Point', 'coordinates': [-3.7447281, 40.39500224]}"
"Calle Valmojado, 53,",11,"{'type': 'Point', 'coordinates': [-3.75757186, 40.39649629]}"
"Calle Los Yebenes, 159,",4,"{'type': 'Point', 'coordinates': [-3.75181704, 40.39302789]}"
"Avenida de Oporto, 102,",4,"{'type': 'Point', 'coordinates': [-3.72987333, 40.38745087]}"
"Avenida de Oporto, 34,",18,"{'type': 'Point', 'coordinates': [-3.72378064, 40.38550735]}"
"Calle del Boj, 5,",1,"{'type': 'Point', 'coordinates': [-3.6180818, 40.4560204]}"
"Avenida de Machupichu, 23,",16,"{'type': 'Point', 'coordinates': [-3.62579439, 40.45841466]}"
"Calle de Haendel, 8,",7,"{'type': 'Point', 'coordinates': [-3.62532131, 40.46275082]}"
"Calle Illescas, 80,",4,"{'type': 'Point', 'coordinates': [-3.7562323, 40.392175]}"
"Av de la plaza de Toros , 3,",4,"{'type': 'Point', 'coordinates': [-3.73725908, 40.38537202]}"
"Paseo de Marcelino Camacho, 53B,",2,"{'type': 'Point', 'coordinates': [-3.744521, 40.387737]}"
"Avenida Alfonso XIII, 113,",0,"{'type': 'Point', 'coordinates': [-3.66790332, 40.45866532]}"
"Calle Pradillo, 33,",6,"{'type': 'Point', 'coordinates': [-3.6717937, 40.44904126]}"
"Arturo Soria, 332,",2,"{'type': 'Point', 'coordinates': [-3.666529, 40.480694]}"
"C Juan Ignacio Luca de Tena, 13,",11,"{'type': 'Point', 'coordinates': [-3.63110255, 40.44796778]}"
"Eugenia de Montijo, 57,",10,"{'type': 'Point', 'coordinates': [-3.74706068, 40.3791024]}"
"Plaza de la Parroquia , 20,",9,"{'type': 'Point', 'coordinates': [-3.7415832, 40.3802446]}"
"Calle Maria de Maeztu, 50,",6,"{'type': 'Point', 'coordinates': [-3.72757227, 40.49093014]}"
"Calle San Mariano, 58,",17,"{'type': 'Point', 'coordinates': [-3.61190481, 40.44175279]}"
"Calle de Tampico, 71,",7,"{'type': 'Point', 'coordinates': [-3.635345, 40.444569]}"
"Calle Joaquin Turina, 49,",0,"{'type': 'Point', 'coordinates': [-3.76182, 40.372458]}"
"Calle Lonja de la Seda, 33,",9,"{'type': 'Point', 'coordinates': [-3.76158263, 40.36612215]}"
"Calle Salvador Allende, 26,",3,"{'type': 'Point', 'coordinates': [-3.75787005, 40.36277848]}"
"Calle del Dinero, 38,",4,"{'type': 'Point', 'coordinates': [-3.7501466, 40.3625707]}"
"Calle Calderilla, 4,",3,"{'type': 'Point', 'coordinates': [-3.7386603, 40.3651497]}"
"Av.Ventisquero de la Condesa, 39,",2,"{'type': 'Point', 'coordinates': [-3.71622921, 40.49108225]}"
"Glorieta de Embajadores nº 2,",4,"{'type': 'Point', 'coordinates': [-3.7020566, 40.4054815]}"
"Plaza de Carlos Cambronero nº 2,",3,"{'type': 'Point', 'coordinates': [-3.704166, 40.423126]}"
"Plaza del Cordón,",3,"{'type': 'Point', 'coordinates': [-3.7103285, 40.4141931]}"
"Plaza de Jacinto Benavente,",5,"{'type': 'Point', 'coordinates': [-3.7036825, 40.4146755]}"
"Calle Valencia nº 1,",3,"{'type': 'Point', 'coordinates': [-3.700754126389314, 40.40830870823806]}"
"Plaza de la Provincia nº 1,",12,"{'type': 'Point', 'coordinates': [-3.7061032, 40.4150099]}"
"Calle Doctor Esquerdo nº 161,",15,"{'type': 'Point', 'coordinates': [-3.6697526, 40.4084556]}"
"Calle Jacometrezo nº 3,",0,"{'type': 'Point', 'coordinates': [-3.7065376, 40.4200783]}"
"Calle Hortaleza nº 63,",5,"{'type': 'Point', 'coordinates': [-3.698447, 40.424148]}"
"Calle Prim nº 2,",1,"{'type': 'Point', 'coordinates': [-3.6954983, 40.4218616]}"
"Calle Alcalá nº 27,",7,"{'type': 'Point', 'coordinates': [-3.6984583, 40.41806]}"
"Paseo de Recoletos nº 20,",4,"{'type': 'Point', 'coordinates': [-3.690756, 40.4232153]}"
"Calle Mayor nº 20,",10,"{'type': 'Point', 'coordinates': [-3.7068969, 40.4163638]}"
"Calle Atocha nº 54,",6,"{'type': 'Point', 'coordinates': [-3.6991147, 40.4122047]}"
"Calle Alcántara nº 2,",5,"{'type': 'Point', 'coordinates': [-3.6740178, 40.4260391]}"
"Calle Espíritu Santo nº 30,",2,"{'type': 'Point', 'coordinates': [-3.7043418, 40.4255495]}"
"Calle Carlos III nº 1,",9,"{'type': 'Point', 'coordinates': [-3.7106495, 40.417767]}"
"Calle Manuela Malasaña nº 5,",8,"{'type': 'Point', 'coordinates': [-3.7025, 40.4286259]}"
"Calle Pavía nº 6,",10,"{'type': 'Point', 'coordinates': [-3.711504, 40.4192095]}"
"Plaza del Conde del Valle de Súchil nº 3,",2,"{'type': 'Point', 'coordinates': [-3.7072537, 40.4303223]}"
"Glorieta de Embajadores nº 6,",2,"{'type': 'Point', 'coordinates': [-3.7027998, 40.4045772]}"
"Plaza de Santa Ana nº 10,",8,"{'type': 'Point', 'coordinates': [-3.7007164, 40.4144226]}"
"Calle Santa Isabel nº 57,",8,"{'type': 'Point', 'coordinates': [-3.6933463, 40.4083684]}"
"Calle Goya nº 99,",12,"{'type': 'Point', 'coordinates': [-3.67384, 40.42478]}"
"Plaza de Alonso Martínez nº 5,",3,"{'type': 'Point', 'coordinates': [-3.6954403, 40.4278682]}"
"Plaza Cibeles,",7,"{'type': 'Point', 'coordinates': [-3.6933498, 40.4186516]}"
"Plaza de la Cebada nº 16 ,",15,"{'type': 'Point', 'coordinates': [-3.7088337, 40.4112744]}"
"Calle Lavapiés nº 34,",4,"{'type': 'Point', 'coordinates': [-3.702471, 40.4100387]}"
"Plaza de San Ildefonso,",5,"{'type': 'Point', 'coordinates': [-3.7020842, 40.4239757]}"
"Plaza del Conde de Casal nº 8,",11,"{'type': 'Point', 'coordinates': [-3.6707132, 40.4064784]}"
"Calle Santa Cruz del Marcenado nº 24,",1,"{'type': 'Point', 'coordinates': [-3.7126299, 40.4295658]}"
"Plaza de la Independencia nº 6,",3,"{'type': 'Point', 'coordinates': [-3.688398, 40.419752]}"
"548 - Eduardo Mazón 1,",19,"{'type': 'Point', 'coordinates': [-3.6154157, 40.4521484]}"
"Santa Rita 1,",5,"{'type': 'Point', 'coordinates': [-3.6682882, 40.4457928]}"
"Avenida de NIza 67,",10,"{'type': 'Point', 'coordinates': [-3.60811578, 40.4342806]}"
"Amposta s/n (esquina Arcos de Jalón),",12,"{'type': 'Point', 'coordinates': [-3.61865045, 40.42218951]}"
"Bahía de Cádiz, 2,",19,"{'type': 'Point', 'coordinates': [-3.593712, 40.461137]}"
"Cristo del Gran Poder, 27,",13,"{'type': 'Point', 'coordinates': [-3.585751, 40.472048]}"
"Calle Tomillar, 11,",14,"{'type': 'Point', 'coordinates': [-3.5844146, 40.4630993]}"
"560 - Playa de Zarauz, 16,",14,"{'type': 'Point', 'coordinates': [-3.5906847, 40.4731404]}"
"Paseo Alberto Palacios, 42,",0,"{'type': 'Point', 'coordinates': [-3.7129039644180373, 40.3449259916087]}"
"Calle de Eduardo Maristany, 7,",23,"{'type': 'Point', 'coordinates': [-3.683127, 40.353285]}"
"Calle Cifuentes, 5,",5,"{'type': 'Point', 'coordinates': [-3.6960817, 40.3486]}"
"Calle de Auñón, 16,",12,"{'type': 'Point', 'coordinates': [-3.6776146, 40.3503351]}"
"PASEO DE LOS MELANCÓLICOS 73,",15,"{'type': 'Point', 'coordinates': [-3.718569, 40.401782]}"
"Calle Albox 33,",12,"{'type': 'Point', 'coordinates': [-3.73984, 40.373972]}"
"Paseo de los Jesuitas 4,",13,"{'type': 'Point', 'coordinates': [-3.7305543, 40.4106918]}"
"Calle Sierra de Atapuerca, 19,",1,"{'type': 'Point', 'coordinates': [-3.67042488, 40.50292982]}"
"Calle Puerto de Porzuna, 34,",17,"{'type': 'Point', 'coordinates': [-3.6236297, 40.373826]}"
"Parque Eugenia de Montijo, 2,",7,"{'type': 'Point', 'coordinates': [-3.7545822, 40.3783501]}"
"Transversal Sexta, 17,",4,"{'type': 'Point', 'coordinates': [-3.6992665, 40.3325463]}"
"579 - Maria Tubau,",4,"{'type': 'Point', 'coordinates': [-3.6717035870335635, 40.51399230680476]}"
"602 - Calle del Monasterio de Sobrado, 6,",0,"{'type': 'Point', 'coordinates': [-3.70379, 40.41678]}"
"566 - Avenida de Logroño, 315,",10,"{'type': 'Point', 'coordinates': [-3.5815033, 40.4703472]}"
"565- Playa de Riazor, 66,",8,"{'type': 'Point', 'coordinates': [-3.5838869, 40.47563573]}"
"469 - Ladera de los Almendros, 6,",0,"{'type': 'Point', 'coordinates': [-3.62299, 40.40343]}"
"470 - Avenida Real, 3,",1,"{'type': 'Point', 'coordinates': [-3.6063672, 40.4021519]}"
"471 - Calle Molino Viejo frente , 14,",4,"{'type': 'Point', 'coordinates': [-3.60666, 40.396301]}"
"271 - Calle Amaltea , 1,",18,"{'type': 'Point', 'coordinates': [-3.68317, 40.394706]}"
"Calle Villablanca 7,",3,"{'type': 'Point', 'coordinates': [-3.60783265, 40.40894698]}"
"Paseo de Juan Antonio Vallejo Nájera Botas, 28,",10,"{'type': 'Point', 'coordinates': [-3.7082123, 40.4020545]}"
" Avenida de la Aurora Boreal, 19,",6,"{'type': 'Point', 'coordinates': [-3.603668, 40.399236]}"
"Calle Méndez Alvaro, 73,",8,"{'type': 'Point', 'coordinates': [-3.68134346, 40.39675755]}"
"605 - Calle Nuria 55,",0,"{'type': 'Point', 'coordinates': [-3.70379, 40.41678]}"
"Avenida Arcentales S/N,",13,"{'type': 'Point', 'coordinates': [-3.60097542, 40.43333298]}"
"calle Paseo Ginebra,",7,"{'type': 'Point', 'coordinates': [-3.6048181, 40.423893]}"
"Parador de Santa Lucía, 8,",9,"{'type': 'Point', 'coordinates': [-3.609927899999999, 40.4487037]}"
"Avd. Ciudad de Barcelona,",3,"{'type': 'Point', 'coordinates': [-3.690538, 40.407573]}"
"Avd ciudad de Barcelona ,",3,"{'type': 'Point', 'coordinates': [-3.6904748, 40.4075211]}"
"Calle San Jenaro, 1,",7,"{'type': 'Point', 'coordinates': [-3.7043083, 40.3500291]}"
"Calle  Diamante, 10,",7,"{'type': 'Point', 'coordinates': [-3.6877534, 40.3532609]}"
"Calle Doctor Martín Arévalo, 19,",6,"{'type': 'Point', 'coordinates': [-3.70765, 40.34587]}"
"Calle Gallur, 5,",13,"{'type': 'Point', 'coordinates': [-3.7359, 40.3984]}"
"Calle de las Higueras, 49,",14,"{'type': 'Point', 'coordinates': [-3.745096152114864, 40.40457132475174]}"
"Hacienda de Pavones, 148,",4,"{'type': 'Point', 'coordinates': [-3.6419, 40.4026]}"
"Calle de la Maquinilla,",9,"{'type': 'Point', 'coordinates': [-3.63648424, 40.38078101]}"
"Calle del Marques de Viana,91. Madrid ,",1,"{'type': 'Point', 'coordinates': [-3.7045684, 40.4637825]}"
"C Sierra de Guadalupe, 11,",4,"{'type': 'Point', 'coordinates': [-3.62376457, 40.38135158]}"
"Calle de la Verdad, 14c,",0,"{'type': 'Point', 'coordinates': [-3.71716, 40.391787]}"
"Calle Algorta, 2,",5,"{'type': 'Point', 'coordinates': [-3.72745169, 40.39162261454714]}"
"Paseo de los Jesuitas  67,",13,"{'type': 'Point', 'coordinates': [-3.7351, 40.408]}"
"Avenida Cordoba, 21,",19,"{'type': 'Point', 'coordinates': [-3.697856, 40.38268]}"
"Calle de Candilejas, 5,",17,"{'type': 'Point', 'coordinates': [-3.66300383, 40.38263599]}"
"Calle Puerto de Balbaran, 10,",22,"{'type': 'Point', 'coordinates': [-3.655868, 40.3762374]}"
"Calle de Cabeza Mesada, 5,",7,"{'type': 'Point', 'coordinates': [-3.629413, 40.37647902]}"
"Avenida de Orovilla, 53,",6,"{'type': 'Point', 'coordinates': [-3.6895, 40.3587]}"
"Avenida Monforte de Lemos, 17,",2,"{'type': 'Point', 'coordinates': [-3.6965, 40.4795]}"
"Calle Melchor Fernandez Almagro, 80,",16,"{'type': 'Point', 'coordinates': [-3.710326199999999, 40.4756475]}"
"Calle Valle de Mena, 5,",9,"{'type': 'Point', 'coordinates': [-3.71527245, 40.46962735]}"
"Paseo de la Chopera, 53,",0,"{'type': 'Point', 'coordinates': [-3.6974, 40.3929]}"
"Paseo de la Florida, 37,",0,"{'type': 'Point', 'coordinates': [-3.72317757, 40.42276114]}"
"Calle Santo Ángel de la Guarda , 6,",2,"{'type': 'Point', 'coordinates': [-3.71222067, 40.46099696]}"
"Calle Serrano Galvache,",5,"{'type': 'Point', 'coordinates': [-3.6679379, 40.471382]}"
"Calle Puertollano,",0,"{'type': 'Point', 'coordinates': [-3.6237372, 40.4425157]}"
"Calle Gallegos,",22,"{'type': 'Point', 'coordinates': [-3.6102747, 40.40240379]}"
"Calle del Arroyo del Olivar, 63,",15,"{'type': 'Point', 'coordinates': [-3.653269, 40.388435]}"
"Calle Manuel Uribe, 1,",0,"{'type': 'Point', 'coordinates': [-3.66503419, 40.46434131]}"
"422 - Travesia de Palomeras, 7,",9,"{'type': 'Point', 'coordinates': [-3.6705179, 40.39017003]}"
"Avenida de Entrevias, 56,",21,"{'type': 'Point', 'coordinates': [-3.66855013, 40.38138801]}"
"Camino de Valderribas, 47,",20,"{'type': 'Point', 'coordinates': [-3.663958, 40.4002231]}"
"Calle Ramon Perez de Ayala, 45,",1,"{'type': 'Point', 'coordinates': [-3.65381017, 40.40003472]}"
"Calle Humanes, 3,",10,"{'type': 'Point', 'coordinates': [-3.64932678, 40.3952121]}"
"Calle de los Andaluces, 2,",9,"{'type': 'Point', 'coordinates': [-3.64148304, 40.3914244]}"
"Avenida de la Albufera,",10,"{'type': 'Point', 'coordinates': [-3.6571, 40.3919]}"
"Serrano Galvache, 56,",2,"{'type': 'Point', 'coordinates': [-3.67144504, 40.47675257]}"
"Hermanos Garcia Noblejas, 158,",3,"{'type': 'Point', 'coordinates': [-3.62888094, 40.42427523]}"
"Calle Ricardo Ortiz, 33,",9,"{'type': 'Point', 'coordinates': [-3.65796439, 40.42657032]}"
"Calle de Bacares, 20,",17,"{'type': 'Point', 'coordinates': [-3.66269029, 40.47675499]}"
"Calle de San Roman del Valle, 20,",3,"{'type': 'Point', 'coordinates': [-3.623466935545257, 40.42309928573645]}"
"Calle Zaldivar,",0,"{'type': 'Point', 'coordinates': [-3.62650373, 40.43209033]}"
"Calle Mercedes Arteaga, 21,",20,"{'type': 'Point', 'coordinates': [-3.722217570475459, 40.39251608002938]}"
"Calle El Greco, 27,",7,"{'type': 'Point', 'coordinates': [-3.74726153, 40.40741199]}"
"Calle del Arroyo Belincoso, 26,",13,"{'type': 'Point', 'coordinates': [-3.65256604, 40.40991083]}"
"Corregidor licenciado Antonio de Mena, sn,",4,"{'type': 'Point', 'coordinates': [-3.6408, 40.4099]}"
"Calle Portalegre, 7,",18,"{'type': 'Point', 'coordinates': [-3.72364769, 40.38937686]}"
"Avenida Monforte de Lemos, 123,",4,"{'type': 'Point', 'coordinates': [-3.70997335, 40.47810429]}"
"Calle Melchor Fernandez Almagro, 16,",5,"{'type': 'Point', 'coordinates': [-3.69962571, 40.47772776]}"
"Ginzo de Limia, 36,",16,"{'type': 'Point', 'coordinates': [-3.703526, 40.47817]}"
"Calle Chantada, 2,",0,"{'type': 'Point', 'coordinates': [-3.71060269, 40.47267127]}"
"Calle Zapatoca, 8,",1,"{'type': 'Point', 'coordinates': [-3.63335803, 40.47285235]}"
"Plaza Mayor de Barajas, 24,",10,"{'type': 'Point', 'coordinates': [-3.5776537, 40.4733252]}"
"Calle Soto Hidalgo, 2,",24,"{'type': 'Point', 'coordinates': [-3.5820745, 40.4606465]}"
"Calle Esteban Collantes,",0,"{'type': 'Point', 'coordinates': [-3.6376002, 40.4328536]}"
"Paseo Reina Cristina,6,",14,"{'type': 'Point', 'coordinates': [-3.6831862, 40.4067247]}"
"Ronda de la comunicacion,",3,"{'type': 'Point', 'coordinates': [-3.6626887, 40.5157202]}"
"calle Moncada 102,",0,"{'type': 'Point', 'coordinates': [-3.692444, 40.341725]}"
"Calle Eduardo Barreiros 114,",10,"{'type': 'Point', 'coordinates': [-3.704701, 40.355367]}"
"Calle Sangenjo,",0,"{'type': 'Point', 'coordinates': [-3.70379, 40.41678]}"
"calle de la huerta de castañeda 26,",20,"{'type': 'Point', 'coordinates': [-3.74201882097404, 40.40622095698234]}"
"calle Gregorio Sánchez Herráez 14,",8,"{'type': 'Point', 'coordinates': [-3.63657, 40.477248]}"
"Calle Oña s/n,",5,"{'type': 'Point', 'coordinates': [-3.6658565, 40.4891872]}"
"calle Ana de Austria s/n,",0,"{'type': 'Point', 'coordinates': [-3.6531502, 40.4994394]}"
"Avd Fuerzas Armadas (Cercanias Valdebebas),",21,"{'type': 'Point', 'coordinates': [-3.6157178, 40.4819961]}"
"Paseo de Puerta del Angel, 10 ( metro Lago),",12,"{'type': 'Point', 'coordinates': [-3.7345247, 40.4167792]}"
"Calle Estella, 21,",5,"{'type': 'Point', 'coordinates': [-3.6743568, 40.4968198]}"
"Paseo de los Pontones, 45,",16,"{'type': 'Point', 'coordinates': [-3.7196, 40.4040433]}"
"Calle Luis de Salazar, 11,",7,"{'type': 'Point', 'coordinates': [-3.6649258, 40.4474166]}"
"Rafaela Aparicio, 10,",20,"{'type': 'Point', 'coordinates': [-3.6312179, 40.4792396]}"
"Calle Berrocal, 9,",24,"{'type': 'Point', 'coordinates': [-3.67615, 40.344115]}"
"Plaza de San Francisco nº 5,",15,"{'type': 'Point', 'coordinates': [-3.714113, 40.4108]}"
"Tomas Redondo, 7,",4,"{'type': 'Point', 'coordinates': [-3.62913802, 40.47178414]}"
Glorieta Marqués de Vadillo nº 9,1,"{'type': 'Point', 'coordinates': [-3.716591, 40.398247]}"
"Paseo virgen de puerto,",14,"{'type': 'Point', 'coordinates': [-3.721178, 40.411622]}"
"Menéndez Pelayo, entrada Florida Park,",3,"{'type': 'Point', 'coordinates': [-3.6787796, 40.4181327]}"
"Calle Mayor s/n,",0,"{'type': 'Point', 'coordinates': [-3.70379, 40.41678]}"
"Avda de la Gran Vía de San Francisco, 9 ,",10,"{'type': 'Point', 'coordinates': [-3.712793282384579, 40.40833880815136]}"
" Calle Babilonia, 19,",12,"{'type': 'Point', 'coordinates': [-3.5882347, 40.4675299]}"
"Calle Ginzio de Limia, 47,",9,"{'type': 'Point', 'coordinates': [-3.7069041, 40.4833705]}"
"Camino de Ganapanes, 40,",9,"{'type': 'Point', 'coordinates': [-3.7163093, 40.4764797]}"
"Calle San Modesto, 42,",4,"{'type': 'Point', 'coordinates': [-3.692627, 40.4860555]}"
"Calle Escalona, 2,",5,"{'type': 'Point', 'coordinates': [-3.76182259, 40.39834576]}"
"Avda del Padre Piquer s/n,",6,"{'type': 'Point', 'coordinates': [-3.7664844, 40.3907438]}"
"Avda de las Aguilas, 27,",10,"{'type': 'Point', 'coordinates': [-3.768603, 40.383554]}"
"Paseo de la Venta, 1,",5,"{'type': 'Point', 'coordinates': [-3.7528559, 40.4077495]}"
"Carretera del ZOO, s/n (M. Casa Campo),",4,"{'type': 'Point', 'coordinates': [-3.761051, 40.40316]}"
"Calle de las Rosas de Aravaca, s/n,",8,"{'type': 'Point', 'coordinates': [-3.7845536, 40.4490509]}"
"Calle Felipe IV, 3,",1,"{'type': 'Point', 'coordinates': [-3.6919057, 40.4152082]}"
"564 - Avda del Partenon, 16,",10,"{'type': 'Point', 'coordinates': [-3.613867, 40.463861]}"
"Calle Caños de San Pedro, 12,",5,"{'type': 'Point', 'coordinates': [-3.601920499999999, 40.4029976]}"
"465 - Cordel de Pavones, 48,",19,"{'type': 'Point', 'coordinates': [-3.619645, 40.397375]}"
"414 -  Calle de Santa Petronila, 7,",5,"{'type': 'Point', 'coordinates': [-3.692163, 40.350985]}"
"Calle de la Oca, 20,",8,"{'type': 'Point', 'coordinates': [-3.7335492, 40.3894333]}"
"411 - Calle Domingo Párraga,",1,"{'type': 'Point', 'coordinates': [-3.7118183, 40.3417533]}"
"318 - Calle Santa Pola, 22,",15,"{'type': 'Point', 'coordinates': [-3.7370276473602226, 40.43205131007265]}"
"549 - Avd. Francisco PI y Maragall, 33,",16,"{'type': 'Point', 'coordinates': [-3.6503544, 40.4866354]}"
"279 - Paseo de los Melancólicos, 1,",11,"{'type': 'Point', 'coordinates': [-3.7184816, 40.4104448]}"
"Calle Carmen de Burgos, 4,",16,"{'type': 'Point', 'coordinates': [-3.6847883, 40.3575459]}"
"Paseo de las Yeserías, 15,",6,"{'type': 'Point', 'coordinates': [-3.7099166, 40.39900539]}"
"340 - Calle Illescas, 1C,",6,"{'type': 'Point', 'coordinates': [-3.7656976, 40.3970983]}"
"Calle Osa de la Vega, 25-103,",3,"{'type': 'Point', 'coordinates': [-3.773381, 40.374979]}"
"381 - Alfredo Aleix, 7,",13,"{'type': 'Point', 'coordinates': [-3.7553916, 40.3684767]}"
"444 - Calle de Valderrobollo, 18,",20,"{'type': 'Point', 'coordinates': [-3.6276352, 40.3743481]}"
"Avda del Ensanche de Vallecas, 80,",14,"{'type': 'Point', 'coordinates': [-3.599352, 40.363376]}"
"Calle de los Pinillas, 19,",7,"{'type': 'Point', 'coordinates': [-3.6211485, 40.3987974]}"
"473 - Calle de Vilablanca, frente  85,",10,"{'type': 'Point', 'coordinates': [-3.59888007, 40.40500033]}"
"Calle San Cipriano, 124,",9,"{'type': 'Point', 'coordinates': [-3.596875, 40.402255]}"
"541- Avda. Gran Vía de Hortaleza, 68,",9,"{'type': 'Point', 'coordinates': [-3.6468591, 40.4682706]}"
"546 - Calle Andorra, 6,",6,"{'type': 'Point', 'coordinates': [-3.6467519, 40.4628976]}"
"550 - Calle del Príncipe Carlos, 54,",10,"{'type': 'Point', 'coordinates': [-3.656674, 40.4941108]}"
"553 - Calle de María de Portugal, 24,",13,"{'type': 'Point', 'coordinates': [-3.658921, 40.499909]}"
"601 -  Estación  Cerc. Fuencarral-El Pardo, ,",1,"{'type': 'Point', 'coordinates': [-3.6824687, 40.5015588]}"
"C. de Castiello de Jaca, 14,",2,"{'type': 'Point', 'coordinates': [-3.6782027, 40.5091982]}"
"Calle Francisco de Tejada, 1,",21,"{'type': 'Point', 'coordinates': [-3.739615781020349, 40.40937950320982]}"
"Calle Rafaela Ybarra, 22,Comunidad de Madrid España",13,"{'type': 'Point', 'coordinates': [-3.711296220901499, 40.3817026328731]}"
"Calle del tejo,",12,"{'type': 'Point', 'coordinates': [-3.679186, 40.39663]}"
"Calle Cerro de la Plata nº 2,",20,"{'type': 'Point', 'coordinates': [-3.6745240600494444, 40.40063747422422]}"
"311 - Calle del Profesor Aranguren, 1,",5,"{'type': 'Point', 'coordinates': [-3.733574, 40.448553]}"
"Calle Miguel Moya nº 1,",5,"{'type': 'Point', 'coordinates': [-3.70569, 40.4204]}"
"Fernando Gabriel , 5,",13,"{'type': 'Point', 'coordinates': [-3.63949891, 40.42466356]}"
"Calle de Alan Turing,",9,"{'type': 'Point', 'coordinates': [-3.62713659, 40.3901675]}"
"Avenida de Menéndez Pelayo nº 38,",20,"{'type': 'Point', 'coordinates': [-3.6804398243230696, 40.405110193977585]}"
"c/ Valcarlos 20,Comunidad de Madrid España",0,"{'type': 'Point', 'coordinates': [-3.6641571, 40.5051915]}"
"Bardegueral 15,Comunidad de Madrid España",0,"{'type': 'Point', 'coordinates': [-3.7719097, 40.4501721]}"
"Calle de la Isla Graciosa, 2,",1,"{'type': 'Point', 'coordinates': [-3.6862657, 40.49262243]}"
"Plaza de Celenque nº 1,",5,"{'type': 'Point', 'coordinates': [-3.7058976, 40.4173687]}"
"Cuesta de Claudio Moyano,",4,"{'type': 'Point', 'coordinates': [-3.691833220071059, 40.40934261188139]}"
"Calle Mesón de Paredes nº 35,",18,"{'type': 'Point', 'coordinates': [-3.7038640533106593, 40.40979071254635]}"
"Jacinto Verdaguer,",19,"{'type': 'Point', 'coordinates': [-3.7160526116262793, 40.39593854704345]}"
"Calle de Úbeda,  27,",8,"{'type': 'Point', 'coordinates': [-3.7149566, 40.4825507]}"
"Avenida Moratalaz, 25,",10,"{'type': 'Point', 'coordinates': [-3.66000272, 40.40750626]}"
"Calle Goya nº 1,",5,"{'type': 'Point', 'coordinates': [-3.6893361690338167, 40.42575853342561]}"
"Calle del Cobre (Metro Arganzuela Planetario),",16,"{'type': 'Point', 'coordinates': [-3.689031463575172, 40.39338327980599]}"
"Calle de la Via,",16,"{'type': 'Point', 'coordinates': [-3.7182338, 40.3854641]}"
"Paseo de la Castellana nº 4,",3,"{'type': 'Point', 'coordinates': [-3.68958, 40.42677]}"
"Calle Serrano nº 54,",1,"{'type': 'Point', 'coordinates': [-3.6875418, 40.4270832]}"
"Calle Serrano nº 32,",5,"{'type': 'Point', 'coordinates': [-3.68789, 40.424776]}"
"Calle Serrano nº 8,",4,"{'type': 'Point', 'coordinates': [-3.6883841104507464, 40.42156087297841]}"
"Calle Mártires Concepcionistas nº 2,",3,"{'type': 'Point', 'coordinates': [-3.670652, 40.427402]}"
"Calle José Ortega y Gasset nº 30,",4,"{'type': 'Point', 'coordinates': [-3.6814521, 40.4301245]}"
"Paseo de Moret nº 2,",1,"{'type': 'Point', 'coordinates': [-3.7201021, 40.434745]}"
"Calle Arcipreste de Hita nº 12,",5,"{'type': 'Point', 'coordinates': [-3.7175435, 40.4337322]}"
"Calle Arcipreste de Hita nº 12,",3,"{'type': 'Point', 'coordinates': [-3.7179687, 40.4341006]}"
"Paseo de Moret nº 11,",4,"{'type': 'Point', 'coordinates': [-3.724736, 40.4326901]}"
"Paseo del Pintor Rosales frente al nº 38,",4,"{'type': 'Point', 'coordinates': [-3.7207263, 40.427538]}"
"Calle Quintana nº 13,",13,"{'type': 'Point', 'coordinates': [-3.7174631, 40.4278379]}"
"Calle Evaristo San Miguel nº 2,",2,"{'type': 'Point', 'coordinates': [-3.7170515055225373, 40.42531476841791]}"
"Calle Princesa nº 5,",10,"{'type': 'Point', 'coordinates': [-3.713053, 40.423668]}"
"Calle Princesa nº 5,",9,"{'type': 'Point', 'coordinates': [-3.710537, 40.423681]}"
"Calle Altamirano nº 24,",17,"{'type': 'Point', 'coordinates': [-3.7188898, 40.4309797]}"
"Calle Juan Martín el Empecinado nº 16,",16,"{'type': 'Point', 'coordinates': [-3.6882407, 40.400781]}"
"Calle Méndez Álvaro nº 11,",7,"{'type': 'Point', 'coordinates': [-3.6862653, 40.4012905]}"
"Calle Palos de la Frontera nº 27,",5,"{'type': 'Point', 'coordinates': [-3.6948251018524214, 40.403090451430614]}"
"Paseo de Santa María de la Cabeza nº 58,",10,"{'type': 'Point', 'coordinates': [-3.6986027, 40.4017487]}"
"Calle Santa Engracia nº 14,",6,"{'type': 'Point', 'coordinates': [-3.6963659, 40.4295362]}"
"Calle Guzmán el Bueno nº 1,",3,"{'type': 'Point', 'coordinates': [-3.7133412, 40.4306458]}"
"Calle Manuel Silvela nº 20,",5,"{'type': 'Point', 'coordinates': [-3.6993695, 40.430969]}"
"Calle San Delfín nº 9,",18,"{'type': 'Point', 'coordinates': [-3.7080429728445563, 40.39440607959559]}"
"Calle Jose del Hierro nº 5,",9,"{'type': 'Point', 'coordinates': [-3.6486508, 40.4369378]}"
"Calle Carlota O'Neill nº 32,",5,"{'type': 'Point', 'coordinates': [-3.6488254, 40.4436792]}"
"Calle Derechos Humanos nº 12,",16,"{'type': 'Point', 'coordinates': [-3.6557193, 40.4398283]}"
"Calle José María de Pereda nº 1,",4,"{'type': 'Point', 'coordinates': [-3.6486169, 40.4327663]}"
"Avenida Marqués de Corbera nº 12,",18,"{'type': 'Point', 'coordinates': [-3.6555789, 40.4229522]}"
"Avenida Marqués de Corbera nº 52,",19,"{'type': 'Point', 'coordinates': [-3.6510917, 40.4261278]}"
"Calle Sodio nº 1B,",20,"{'type': 'Point', 'coordinates': [-3.691076, 40.389041]}"
"Paseo Imperial nº 20,",23,"{'type': 'Point', 'coordinates': [-3.7170785, 40.4075794]}"
"Calle San Germán nº 5,",5,"{'type': 'Point', 'coordinates': [-3.6932611, 40.4561825]}"
"Calle Francos Rodríguez nº 62,",4,"{'type': 'Point', 'coordinates': [-3.7078331, 40.4567132]}"
"Avenida de Brasilia frente al nº 9,",21,"{'type': 'Point', 'coordinates': [-3.66096, 40.43666]}"
"Avenida de Camilo José Cela nº 23,",4,"{'type': 'Point', 'coordinates': [-3.66779, 40.4378]}"
"Avenida Bruselas nº 56,",5,"{'type': 'Point', 'coordinates': [-3.662928, 40.439513]}"
"Calle Cartagena nº 34,",8,"{'type': 'Point', 'coordinates': [-3.67012, 40.43503]}"
"Calle Isaac Peral nº 44,",2,"{'type': 'Point', 'coordinates': [-3.71757, 40.44003]}"
"Calle Galileo nº 63,",1,"{'type': 'Point', 'coordinates': [-3.7101381, 40.4363637]}"
"Calle Santa Engracia nº 87,",9,"{'type': 'Point', 'coordinates': [-3.6992484724046637, 40.43595788149785]}"
"Calle Zurbano nº 90,",6,"{'type': 'Point', 'coordinates': [-3.69281, 40.43837]}"
"Calle Sinesio Delgado nº 2,",3,"{'type': 'Point', 'coordinates': [-3.6879973, 40.4743209]}"
"Paseo de la Castellana nº 298,",7,"{'type': 'Point', 'coordinates': [-3.6853186, 40.4795018]}"
"Calle Serrano nº 113B,",2,"{'type': 'Point', 'coordinates': [-3.6858096, 40.4406491]}"
"Calle Santa Hortensia nº 31,",12,"{'type': 'Point', 'coordinates': [-3.66683, 40.44421]}"
"Calle Rodríguez Jaén nº 40,",7,"{'type': 'Point', 'coordinates': [-3.6839695, 40.4717403]}"
"Calle Doctor Fleming nº 7,",3,"{'type': 'Point', 'coordinates': [-3.68844, 40.45546]}"
"Calle General López Pozas nº 2,",3,"{'type': 'Point', 'coordinates': [-3.685292, 40.46361]}"
"Calle Beatriz de Bobadilla frente al nº 2,",2,"{'type': 'Point', 'coordinates': [-3.71383, 40.44635]}"
"Avenida Juan de Herrera frente a la calle Paul Guinard,",14,"{'type': 'Point', 'coordinates': [-3.730527, 40.438873]}"
"Avenida de la Complutense (Metro Ciudad Universitaria),",5,"{'type': 'Point', 'coordinates': [-3.726939, 40.444311]}"
"Avenida de la Complutense (Metro Ciudad Universitaria),",6,"{'type': 'Point', 'coordinates': [-3.726752004160312, 40.44270528449462]}"
"Calle José Antonio Novais frente al nº 12,",0,"{'type': 'Point', 'coordinates': [-3.7272945, 40.4483322]}"
"Avenida Complutense nº 23,",3,"{'type': 'Point', 'coordinates': [-3.7296756, 40.4505516]}"
"Amparo Usera , 46,",19,"{'type': 'Point', 'coordinates': [-3.7061449, 40.38707469]}"
"Doctor Tolosa Latour, 7,",23,"{'type': 'Point', 'coordinates': [-3.70041478, 40.37837955]}"
"Calle Campotejar , 25,",16,"{'type': 'Point', 'coordinates': [-3.70388671, 40.36721104]}"
"Avenida de la Perla, 35,",21,"{'type': 'Point', 'coordinates': [-3.69397301, 40.3700018]}"
"Avenida de los Poblados, 130,",20,"{'type': 'Point', 'coordinates': [-3.71331521, 40.37347443]}"
"Avenida Ramon y Cajal, 101,",14,"{'type': 'Point', 'coordinates': [-3.662016, 40.453493]}"
"Misterios,1,",2,"{'type': 'Point', 'coordinates': [-3.638904, 40.438278]}"
"Jose del Hierro , 69,",2,"{'type': 'Point', 'coordinates': [-3.6410572, 40.44152084]}"
"Angel Muñoz, 1,",6,"{'type': 'Point', 'coordinates': [-3.6558371312827975, 40.45478362295884]}"
"Vicente Muzas, 12,",6,"{'type': 'Point', 'coordinates': [-3.66044255, 40.45903315]}"
"Diego Ayllon, 2,",3,"{'type': 'Point', 'coordinates': [-3.65219063, 40.45117857]}"
"Calle Velero (metro el capricho), 17,Comunidad de Madrid España",14,"{'type': 'Point', 'coordinates': [-3.5941, 40.453]}"
"Avenida Burgos, 17,",4,"{'type': 'Point', 'coordinates': [-3.6757900294303902, 40.473593878889254]}"
"Campuzano, 1,",5,"{'type': 'Point', 'coordinates': [-3.6424, 40.4359]}"
"Calle Marcelino Alvarez, 35,",6,"{'type': 'Point', 'coordinates': [-3.6534324, 40.4297428]}"
"Calle Luis Campos, 3,",6,"{'type': 'Point', 'coordinates': [-3.632389, 40.42893071]}"
"Calle de la Carretera de Canillas, 40,",15,"{'type': 'Point', 'coordinates': [-3.65089253, 40.4628701]}"
"Calle Santa Maria Magdalena, 15,",3,"{'type': 'Point', 'coordinates': [-3.6706, 40.4631]}"
"Plaza Duque Pastrana, 1,",4,"{'type': 'Point', 'coordinates': [-3.6779, 40.4679]}"
"Calle de la Yuca, 1,",2,"{'type': 'Point', 'coordinates': [-3.6762, 40.4765]}"
"Memorial 11 Marzo de 2004, 28,",4,"{'type': 'Point', 'coordinates': [-3.6723, 40.4664]}"
"Glorieta Luis Rosales, sn,",8,"{'type': 'Point', 'coordinates': [-3.6543, 40.4673]}"
"Luis de Hoyos Sainz, 198,",14,"{'type': 'Point', 'coordinates': [-3.62927465, 40.400094]}"
"Encomienda de Palacios, 8,",10,"{'type': 'Point', 'coordinates': [-3.6464, 40.4005]}"
"Calle Ramirez Tome, 31,",3,"{'type': 'Point', 'coordinates': [-3.6459739361763055, 40.38875618103898]}"
"Calle de Romeo y Julieta, 12,",24,"{'type': 'Point', 'coordinates': [-3.66217563, 40.37873799]}"
"Calle Puerto de Arlaban, 83,",11,"{'type': 'Point', 'coordinates': [-3.6675, 40.3864]}"
"Calle Cronos , 14,",21,"{'type': 'Point', 'coordinates': [-3.6194333, 40.4384695]}"
"Hermanos Garcia Noblejas, 133,",16,"{'type': 'Point', 'coordinates': [-3.6242, 40.4191]}"
"Calle Alcalá, 546,",13,"{'type': 'Point', 'coordinates': [-3.6178317, 40.44313349999999]}"
"Calle Alcala, 590,",3,"{'type': 'Point', 'coordinates': [-3.6121996, 40.4466561]}"
"Calle Aracne, 17,",22,"{'type': 'Point', 'coordinates': [-3.5895, 40.445]}"
"Calle Alcalá, 506,",3,"{'type': 'Point', 'coordinates': [-3.6274, 40.4407]}"
"Calle Comandante Fontanes, 1,",17,"{'type': 'Point', 'coordinates': [-3.721173399999999, 40.3950918]}"
"Calle de Ervigio,",16,"{'type': 'Point', 'coordinates': [-3.7315, 40.3947]}"
"Julio Merino, 5,",18,"{'type': 'Point', 'coordinates': [-3.7032, 40.3831]}"
"Calle de la Avena, 10,",17,"{'type': 'Point', 'coordinates': [-3.7159, 40.3773]}"
"Avenida de Cantabria, 6,",11,"{'type': 'Point', 'coordinates': [-3.58772201, 40.45462514]}"
"Paseo de la Alameda de Osuna, 48,",0,"{'type': 'Point', 'coordinates': [-3.59812171, 40.45476837]}"
"Francisco Villaespesa, 39,",7,"{'type': 'Point', 'coordinates': [-3.6464629, 40.4293263]}"
"Calle Arzobispo Morcillo, 6,",7,"{'type': 'Point', 'coordinates': [-3.6938, 40.4815]}"
"Calle de Costa Verde, 24,",4,"{'type': 'Point', 'coordinates': [-3.696862, 40.469477]}"
"Calle Simancas, 2,",2,"{'type': 'Point', 'coordinates': [-3.69511298, 40.4655]}"
"Avenida Pío XII nº 3,",1,"{'type': 'Point', 'coordinates': [-3.67656, 40.461]}"
"Plaza de San Miguel nº 9,",0,"{'type': 'Point', 'coordinates': [-3.7095084, 40.4156057]}"
"Plaza de Celenque nº 1,",3,"{'type': 'Point', 'coordinates': [-3.7057791, 40.4173703]}"
"Calle Fernández de la Hoz nº 29,",10,"{'type': 'Point', 'coordinates': [-3.6948, 40.4353]}"
"Calle del General Álvarez de Castro nº 1,",3,"{'type': 'Point', 'coordinates': [-3.7018044, 40.4345976]}"
"Calle Fernando el Católico nº 19,",1,"{'type': 'Point', 'coordinates': [-3.708439, 40.4338516]}"
"Calle Cea Bermúdez nº 59,",7,"{'type': 'Point', 'coordinates': [-3.7154, 40.4392]}"
"Calle José Abascal nº 33,",4,"{'type': 'Point', 'coordinates': [-3.6982353, 40.4383865]}"
"Calle Santa Engracia nº 127,",1,"{'type': 'Point', 'coordinates': [-3.70164, 40.44156]}"
"Calle Bravo Murillo nº 44,",4,"{'type': 'Point', 'coordinates': [-3.70403123, 40.4417884]}"
"Calle Santa Engracia nº 168,",1,"{'type': 'Point', 'coordinates': [-3.703605250412747, 40.446377501314885]}"
"Calle Raimundo Fernández Villaverde nº 33,",2,"{'type': 'Point', 'coordinates': [-3.7001669, 40.447125]}"
"Calle María de Guzmán nº 58,",3,"{'type': 'Point', 'coordinates': [-3.6955687, 40.4441818]}"
"Plaza de San Juan de la Cruz nº 11,",1,"{'type': 'Point', 'coordinates': [-3.6929857, 40.4411852]}"
"Paseo de la Castellana nº 106,",4,"{'type': 'Point', 'coordinates': [-3.690769, 40.4451244]}"
"Plaza de la República Argentina nº 6,",3,"{'type': 'Point', 'coordinates': [-3.6852485, 40.4457656]}"
"Paseo de la Castellana esquina calle Raimundo Fernández Villaverde,",1,"{'type': 'Point', 'coordinates': [-3.6914063, 40.4457414]}"
"Calle José Gutiérrez Abascal nº 2,",10,"{'type': 'Point', 'coordinates': [-3.690419307270818, 40.43939562033124]}"
"Calle Velázquez nº 130,",2,"{'type': 'Point', 'coordinates': [-3.6830583, 40.4387566]}"
"Paseo de la Castellana nº 43,",0,"{'type': 'Point', 'coordinates': [-3.6893917, 40.4354047]}"
"Paseo de la Castellana nº 42,",3,"{'type': 'Point', 'coordinates': [-3.6879154, 40.4334087]}"
"Calle General Pardiñas nº 56,",11,"{'type': 'Point', 'coordinates': [-3.6783016, 40.4289804]}"
"Calle Juan Bravo nº 50,",8,"{'type': 'Point', 'coordinates': [-3.675556, 40.4324081]}"
"Calle Ortega y Gasset nº 87,",5,"{'type': 'Point', 'coordinates': [-3.6712823, 40.429887]}"
"Calle María Francisca nº 3,",4,"{'type': 'Point', 'coordinates': [-3.6788499, 40.4442541]}"
"Avenida del Doctor Arce nº 45,",3,"{'type': 'Point', 'coordinates': [-3.6794, 40.4484]}"
"Calle Serrano nº 210,",1,"{'type': 'Point', 'coordinates': [-3.6813971, 40.451117]}"
"Paseo de la Habana nº 42,",3,"{'type': 'Point', 'coordinates': [-3.6879303, 40.4498515]}"
"Calle Orense nº 12,",1,"{'type': 'Point', 'coordinates': [-3.6953592650123657, 40.44881224951987]}"
"Avenida del General Perón frente al nº 4,",1,"{'type': 'Point', 'coordinates': [-3.6989, 40.4525]}"
"Avenida del General Perón frente al nº 36,",0,"{'type': 'Point', 'coordinates': [-3.6936, 40.4523]}"
"Calle Orense nº 36,",5,"{'type': 'Point', 'coordinates': [-3.6946218, 40.4548456]}"
"Calle Sor Ángela de la Cruz nº 2,",2,"{'type': 'Point', 'coordinates': [-3.691533, 40.4592351]}"
"Avenida de Alberto Alcocer nº 22,",3,"{'type': 'Point', 'coordinates': [-3.684625, 40.45869]}"
"Paseo de la Habana nº 63,",3,"{'type': 'Point', 'coordinates': [-3.6835926, 40.4543852]}"
"Calle Colombia nº 7,",0,"{'type': 'Point', 'coordinates': [-3.6763439, 40.4572466]}"
"Paseo de la Florida nº 8,",23,"{'type': 'Point', 'coordinates': [-3.7220993214090403, 40.422192474165534]}"
"Paseo de los Olmos nº 28,",17,"{'type': 'Point', 'coordinates': [-3.7105765, 40.4034968]}"
"Paseo de la Esperanza nº 2,",2,"{'type': 'Point', 'coordinates': [-3.706445, 40.4037586]}"
"Paseo de las Delicias nº 94,",8,"{'type': 'Point', 'coordinates': [-3.69461, 40.39723]}"
"Paseo de la Chopera nº 14,",28,"{'type': 'Point', 'coordinates': [-3.697596, 40.392888]}"
"Calle Segovia nº 45,",13,"{'type': 'Point', 'coordinates': [-3.71748917032373, 40.41374770742206]}"
"Paseo Santa María de la Cabeza nº 29,",9,"{'type': 'Point', 'coordinates': [-3.6959, 40.4046]}"
"Calle Toledo nº 181,",12,"{'type': 'Point', 'coordinates': [-3.713823, 40.401589]}"
"Paseo de la Esperanza nº 21,",21,"{'type': 'Point', 'coordinates': [-3.7043956, 40.4010554]}"
"Calle Embajadores nº 97,",8,"{'type': 'Point', 'coordinates': [-3.6984023, 40.3997013]}"
"Calle Bustamante nº 1,",9,"{'type': 'Point', 'coordinates': [-3.6934926, 40.4008279]}"
"Paseo de la Esperanza nº 59,",10,"{'type': 'Point', 'coordinates': [-3.7024839, 40.3983467]}"
"Paseo de Yeserías nº 45,",12,"{'type': 'Point', 'coordinates': [-3.7065258846557603, 40.39742958306358]}"
"Calle Jaime el Conquistador nº 30,",17,"{'type': 'Point', 'coordinates': [-3.69834452, 40.3962264]}"
"Calle Alicante nº 3,",0,"{'type': 'Point', 'coordinates': [-3.6937222, 40.39425]}"
"Calle Bolívar nº 3,",17,"{'type': 'Point', 'coordinates': [-3.6941876374343896, 40.391447085678806]}"
"Calle León Gil de Palacio nº 3,",0,"{'type': 'Point', 'coordinates': [-3.6788343, 40.4029202]}"
"Avenida de la Albufera nº 6,",17,"{'type': 'Point', 'coordinates': [-3.6692724, 40.3979273]}"
"Calle Retama nº 5,",19,"{'type': 'Point', 'coordinates': [-3.67589, 40.3940423]}"
"Calle Ibiza nº 18,",3,"{'type': 'Point', 'coordinates': [-3.676443540475469, 40.41816932665331]}"
"Calle Alcalde Sáinz de Baranda frente al nº 107,",22,"{'type': 'Point', 'coordinates': [-3.6657777, 40.4186666]}"
"Calle Hermosilla nº 135,",7,"{'type': 'Point', 'coordinates': [-3.669339, 40.425635]}"
"Paseo Marqués de Zafra nº 24,",11,"{'type': 'Point', 'coordinates': [-3.6653055, 40.426]}"
"Calle Sancho Dávila esquina Paseo Marqués de Zafra,",15,"{'type': 'Point', 'coordinates': [-3.6615277, 40.4250833]}"
"Calle Diego de Leon, 52,",3,"{'type': 'Point', 'coordinates': [-3.6780802, 40.434676]}"
"Calle Alejandro González nº 1,",5,"{'type': 'Point', 'coordinates': [-3.6638249, 40.4301326]}"
"Avenida de Daroca nº 2,",2,"{'type': 'Point', 'coordinates': [-3.6590286, 40.4312562]}"
"Calle Virgen de la Alegría nº 18,",2,"{'type': 'Point', 'coordinates': [-3.6554918, 40.4351256]}"
"Calle Velázquez nº 91,",7,"{'type': 'Point', 'coordinates': [-3.6833753, 40.4343053]}"
"Calle Alonso Heredia nº 1,",2,"{'type': 'Point', 'coordinates': [-3.6740777840614403, 40.434569387142616]}"
"Avenida de los Toreros nº 3,",12,"{'type': 'Point', 'coordinates': [-3.6714677183853106, 40.431826464468664]}"
"Avenida de los Toreros nº 49,",16,"{'type': 'Point', 'coordinates': [-3.6655555, 40.4324722]}"
"Calle Francisco Silvela nº 86,",9,"{'type': 'Point', 'coordinates': [-3.6771535, 40.4372638]}"
"Calle Padre Indalecio Hernández nº 1,",16,"{'type': 'Point', 'coordinates': [-3.6754444, 40.4392222]}"
"Calle Suero de Quiñones nº 3,",7,"{'type': 'Point', 'coordinates': [-3.6752218, 40.4442237]}"
"Avenida de Concha Espina nº 34,",0,"{'type': 'Point', 'coordinates': [-3.677916, 40.4516059]}"
"Castellana 33,",1,"{'type': 'Point', 'coordinates': [-3.6891, 40.432]}"
"Calle Fernando el Católico nº 61,",1,"{'type': 'Point', 'coordinates': [-3.7149166, 40.4343611]}"
"Glorieta de Quevedo nº 5,",4,"{'type': 'Point', 'coordinates': [-3.7045789811585417, 40.43375360585919]}"
"Calle Santander esquina con Avenida de Filipinas,",7,"{'type': 'Point', 'coordinates': [-3.7083, 40.4413]}"
"Calle General Ampudia nº 2,",9,"{'type': 'Point', 'coordinates': [-3.7144722, 40.44175]}"
"Calle Doctor Santero nº 1,",2,"{'type': 'Point', 'coordinates': [-3.7040397, 40.4476488]}"
"Calle Navarra nº 1,",2,"{'type': 'Point', 'coordinates': [-3.7032777, 40.4535]}"
"Calle Marqués de Viana nº 3,",3,"{'type': 'Point', 'coordinates': [-3.698915521426396, 40.4607466894426]}"
"Calle Azucenas nº 1,",2,"{'type': 'Point', 'coordinates': [-3.6973352, 40.4630443]}"
"Paseo de la Castellana nº 216,",2,"{'type': 'Point', 'coordinates': [-3.6890611, 40.4662811]}"
"Paseo Castellana (Fundación Canal),",1,"{'type': 'Point', 'coordinates': [-3.6887, 40.4657]}"
"Calle Tres Cruces nº 7,",8,"{'type': 'Point', 'coordinates': [-3.7027164, 40.4196518]}"
"Calle Desengaño nº 1,",7,"{'type': 'Point', 'coordinates': [-3.70239, 40.42059]}"
"Calle Antonio López nº 129,",18,"{'type': 'Point', 'coordinates': [-3.7002247, 40.3889918]}"
"Calle Condesa de Venadito nº 2,",9,"{'type': 'Point', 'coordinates': [-3.6569031, 40.4434316]}"
"Calle Gutierre de Cetina nº 77,",7,"{'type': 'Point', 'coordinates': [-3.6408093, 40.429588]}"
"Plaza Puerta del Ángel nº 4,",14,"{'type': 'Point', 'coordinates': [-3.72897, 40.4141]}"
"Calle Pedro Rico nº 6,",6,"{'type': 'Point', 'coordinates': [-3.6890758, 40.480884]}"
"Calle Camino de los Vinateros nº 28,",14,"{'type': 'Point', 'coordinates': [-3.6572967, 40.4105478]}"
"Calle Camino de los Vinateros nº 108,",8,"{'type': 'Point', 'coordinates': [-3.6467338, 40.4083593]}"
"Calle Arroyo de las Pilillas nº 6,",5,"{'type': 'Point', 'coordinates': [-3.651271, 40.4062719]}"
"Calle Hacienda de Pavones nº 342,",18,"{'type': 'Point', 'coordinates': [-3.634744478732248, 40.400492026660594]}"
"Calle Eugenio Caxes frente al nº 12,",16,"{'type': 'Point', 'coordinates': [-3.7026789, 40.3917871]}"
"Paseo de la Ermita del Santo nº 48,",23,"{'type': 'Point', 'coordinates': [-3.724576, 40.406448]}"
"Calle Caramuel nº 51,",12,"{'type': 'Point', 'coordinates': [-3.7287, 40.409]}"
"Calle Sierra Toledana nº 33,",19,"{'type': 'Point', 'coordinates': [-3.660345, 40.402506]}"
"Camino de Valderribas nº 94,",17,"{'type': 'Point', 'coordinates': [-3.6607768678037744, 40.39901531507069]}"
"Calle Arroyo del Olivar nº 6,",19,"{'type': 'Point', 'coordinates': [-3.6659362429356372, 40.39382977920336]}"
"Isabelita Usera, 44,",17,"{'type': 'Point', 'coordinates': [-3.70773972, 40.38272256]}"
"5568 - Avda. del Partenón, 6,",2,"{'type': 'Point', 'coordinates': [-3.6178336, 40.4632802]}"
"Arroyo Bueno, 53,",3,"{'type': 'Point', 'coordinates': [-3.710985, 40.349111]}"
"Glorieta Marqués de Vadillo nº 9,",22,"{'type': 'Point', 'coordinates': [-3.716591, 40.398247]}"
"Calle de Avefria, 26,",13,"{'type': 'Point', 'coordinates': [-3.7308025, 40.38386939]}"
"Calle San Bernardo nº 22,",8,"{'type': 'Point', 'coordinates': [-3.7074808485065, 40.4229374]}"
"Adolfo Bioy Casares, 9,",0,"{'type': 'Point', 'coordinates': [-3.5981935, 40.3668504]}"
"Fuente Carrantona , 33,",14,"{'type': 'Point', 'coordinates': [-3.63192261, 40.4070216]}"
"Calle norte nº 8,",9,"{'type': 'Point', 'coordinates': [-3.7074453, 40.4262383]}"
"Calle San Germán nº 57,",0,"{'type': 'Point', 'coordinates': [-3.700930190178302, 40.4573342300643]}"
"Calle Gran Via del Sureste, 22,",21,"{'type': 'Point', 'coordinates': [-3.5897045, 40.3631604]}"
"Calle O'Donnell nº 50,",5,"{'type': 'Point', 'coordinates': [-3.6724968, 40.4213148]}"
"467 -  Calle Villardondiego frente,  32,",10,"{'type': 'Point', 'coordinates': [-3.6084888, 40.4062361]}"
"Manuel Noya , 29,",20,"{'type': 'Point', 'coordinates': [-3.7117979, 40.3853787]}"
"Calle Hernani, 59,",5,"{'type': 'Point', 'coordinates': [-3.6972, 40.4481]}"
"Calle Valdesangil 23,",17,"{'type': 'Point', 'coordinates': [-3.7166729, 40.4684218]}"
"Calle Segovia nº 26,",2,"{'type': 'Point', 'coordinates': [-3.7133770233135133, 40.41390473235381]}"
"Calle del Sorbe , 20,",17,"{'type': 'Point', 'coordinates': [-3.71320917, 40.3898701]}"
"Avenida del Mediterráneo nº 19,",23,"{'type': 'Point', 'coordinates': [-3.675102, 40.407271]}"
"Calle Francisco Balseiro nº 1,",0,"{'type': 'Point', 'coordinates': [-3.710525, 40.451333]}"
"237- calle Francisco Balseiro,Comunidad de Madrid España",0,"{'type': 'Point', 'coordinates': [-3.7102736, 40.4516819]}"
"Calle José Abascal frente al nº 2,",5,"{'type': 'Point', 'coordinates': [-3.7038333, 40.4386944]}"
"Calle Albelda, 6,",0,"{'type': 'Point', 'coordinates': [-3.6573666, 40.4494225]}"
"Calle Ariel, 7,",21,"{'type': 'Point', 'coordinates': [-3.67970176633988, 40.393023802369754]}"
